{"coefficients": [5.146534365849563, 1.2037692547742291, 0.0], "intercept": 3.0127885570829527}