{"mean": [4.187169987624403, 0.6515891778542, 24.0], "std": [0.04741258996701798, 0.6329066563051918, 1.0]}